DUB,Protein,Interaction,Frequency
GLY778,THR777,VdWContact,10001
ARG780,ASN766,HBDonor,25
ARG780,ASN766,Cationic,298
ARG780,ASN766,VdWContact,39
ARG780,PRO767,Cationic,3
GLN793,THR777,HBDonor,9934
GLN793,THR777,VdWContact,9988
PRO799,LEU1109,VdWContact,1
HIS800,LEU1109,HBDonor,3
HIS800,LEU1109,VdWContact,234
HIS800,GLY1110,HBDonor,812
HIS800,GLY1110,VdWContact,3353
HIS800,PRO1111,HBDonor,89
HIS800,PRO1111,VdWContact,100
ASN806,ALA752,HBDonor,83
ASN806,ALA752,VdWContact,92
ASN806,GLU753,HBDonor,1
ASN806,GLU753,VdWContact,21
ARG807,ASN741,HBDonor,3581
ARG807,ASN741,Cationic,4298
ARG807,ASN741,VdWContact,3907
ARG807,ARG742,Cationic,76
ARG807,PRO750,Cationic,3
ASN808,PRO738,VdWContact,1
ASN808,THR739,HBDonor,1
ARG816,THR663,VdWContact,5
ARG816,PHE666,Cationic,15
ARG816,PHE666,VdWContact,1
ARG816,MET678,HBDonor,1
ARG816,MET678,Cationic,127
ARG816,MET678,VdWContact,51
SER817,ILE662,HBDonor,4
SER817,ILE662,VdWContact,4
SER817,THR663,HBDonor,82
SER817,THR663,VdWContact,172
SER817,GLY664,HBDonor,1
SER817,GLY664,VdWContact,3
SER817,PHE666,HBDonor,1
SER817,PHE666,VdWContact,1
LEU819,ILE662,VdWContact,27
LEU819,THR663,VdWContact,11
LYS823,THR663,Cationic,14
LYS835,GLU753,HBDonor,3
LYS835,GLU753,Cationic,37
LYS835,GLU753,VdWContact,7
LYS835,SER755,HBDonor,4
LYS835,SER755,Cationic,176
LYS835,SER755,VdWContact,355
LYS835,ARG756,HBDonor,257
LYS835,ARG756,Cationic,909
LYS835,ARG756,VdWContact,1334
LEU837,ALA775,VdWContact,12
LEU837,THR777,VdWContact,2777
TRP838,GLU753,VdWContact,7
THR839,GLU753,VdWContact,24
THR839,ILE754,VdWContact,24
THR839,SER755,HBDonor,57
THR839,SER755,VdWContact,221
GLY840,GLY771,VdWContact,138
GLY840,SER772,VdWContact,1
GLY840,GLY773,VdWContact,6332
GLN841,LYS733,HBDonor,3
GLN841,LYS733,VdWContact,2
GLN841,PRO734,HBDonor,49
GLN841,PRO734,VdWContact,50
GLN841,PHE769,VdWContact,12
GLN841,GLY770,VdWContact,151
GLN841,GLY771,VdWContact,38
TYR842,PRO767,VdWContact,3
TYR842,VAL768,VdWContact,6629
TYR842,GLY770,VdWContact,87
TYR842,LEU776,VdWContact,27
ARG843,VAL768,HBDonor,9821
ARG843,VAL768,Cationic,270
ARG843,VAL768,VdWContact,9991
ARG843,PHE769,HBDonor,1989
ARG843,PHE769,Cationic,4146
ARG843,PHE769,VdWContact,4001
ARG843,GLY770,HBDonor,1380
ARG843,GLY770,Cationic,4134
ARG843,GLY770,VdWContact,2968
ARG843,GLY771,Cationic,120
ARG843,GLY771,VdWContact,3
ARG843,LEU776,HBDonor,2
ARG843,LEU776,Cationic,50
ARG843,LEU776,VdWContact,6
TYR844,VAL768,HBDonor,784
TYR844,VAL768,VdWContact,1218
ILE845,LEU765,VdWContact,889
ILE845,ASN766,VdWContact,86
SER846,ASN764,VdWContact,117
SER846,LEU765,HBDonor,9978
SER846,LEU765,VdWContact,9998
SER846,ASN766,HBDonor,59
SER846,ASN766,VdWContact,54
LYS848,LYS712,Cationic,18
LYS848,LYS712,VdWContact,2
LYS848,ARG763,HBDonor,16
LYS848,ARG763,Cationic,536
LYS848,ARG763,VdWContact,20
LYS848,ASN764,HBDonor,125
LYS848,ASN764,Cationic,3283
LYS848,ASN764,VdWContact,4083
ASP849,ASN764,VdWContact,5
ILE852,LYS712,VdWContact,165
LYS856,LYS712,HBDonor,1
LYS856,LYS712,Cationic,14
LYS856,LYS712,VdWContact,1
ASP888,ILE662,VdWContact,28
ASP888,THR663,VdWContact,16
ARG890,LYS630,Cationic,14
ARG890,ALA631,Cationic,3
ARG890,GLN632,HBDonor,38
ARG890,GLN632,Cationic,270
ARG890,GLN632,VdWContact,79
ARG890,ARG633,Cationic,1
ARG890,GLU634,Cationic,75
ARG890,PRO635,HBDonor,31
ARG890,PRO635,Cationic,43
ARG890,PRO635,VdWContact,32
ARG890,LEU636,HBDonor,1
ARG890,LEU636,Cationic,20
ARG890,LEU636,VdWContact,2
ARG890,ARG638,HBDonor,5
ARG890,ARG638,Cationic,11
ARG890,ARG638,VdWContact,5
ARG890,ASP660,HBDonor,1
ARG890,ASP660,Cationic,284
ARG890,ASP660,VdWContact,4
ARG890,PRO661,HBDonor,593
ARG890,PRO661,Cationic,1070
ARG890,PRO661,VdWContact,680
ARG890,ILE662,HBDonor,769
ARG890,ILE662,Cationic,2337
ARG890,ILE662,VdWContact,1263
ARG890,THR663,HBDonor,117
ARG890,THR663,Cationic,2099
ARG890,THR663,VdWContact,459
ARG890,GLY664,HBDonor,1
ARG890,GLY664,Cationic,112
ARG890,GLY664,VdWContact,2
LYS891,ASP625,HBDonor,1
LYS891,ASP625,Cationic,3
LYS891,ASP625,VdWContact,1
LYS891,ASN629,HBDonor,66
LYS891,ASN629,Cationic,1055
LYS891,ASN629,VdWContact,597
LYS891,LYS630,HBDonor,110
LYS891,LYS630,Cationic,413
LYS891,LYS630,VdWContact,247
LYS891,ALA631,Cationic,1
LYS891,GLN632,HBDonor,5
LYS891,GLN632,Cationic,26
LYS891,GLN632,VdWContact,14
LYS891,ARG633,Cationic,4
LYS891,GLU634,Cationic,2
LYS891,PRO635,Cationic,30
LYS891,ILE662,Cationic,1
ARG892,THR623,HBDonor,6
ARG892,THR623,Cationic,165
ARG892,THR623,VdWContact,17
ARG892,ASP624,Cationic,5
ARG892,ASP625,HBDonor,571
ARG892,ASP625,Cationic,3073
ARG892,ASP625,VdWContact,863
ARG892,THR626,HBDonor,33
ARG892,THR626,Cationic,2435
ARG892,THR626,VdWContact,242
ARG892,GLU627,Cationic,2
ARG892,ARG633,HBDonor,9
ARG892,ARG633,Cationic,125
ARG892,ARG633,VdWContact,17
TYR893,GLU627,VdWContact,42
TYR893,ARG628,VdWContact,12
LYS894,GLY607,HBDonor,1
LYS894,GLY607,Cationic,14
LYS894,GLY607,VdWContact,3
LYS894,ARG615,HBDonor,4
LYS894,ARG615,Cationic,85
LYS894,ARG615,VdWContact,20
LYS894,THR616,HBDonor,122
LYS894,THR616,Cationic,203
LYS894,THR616,VdWContact,162
LYS894,GLY617,Cationic,1
LYS894,THR623,HBDonor,1
LYS894,THR623,Cationic,14
LYS894,THR623,VdWContact,1
LYS894,ASP625,HBDonor,226
LYS894,ASP625,Cationic,360
LYS894,ASP625,VdWContact,278
LYS894,GLU627,HBDonor,432
LYS894,GLU627,Cationic,702
LYS894,GLU627,VdWContact,1440
LYS894,ARG628,HBDonor,17
LYS894,ARG628,Cationic,301
LYS894,ARG628,VdWContact,305
LYS894,ASN629,Cationic,3
LYS894,LYS630,Cationic,4
GLU895,ARG615,VdWContact,6
GLU895,THR616,VdWContact,81
GLU895,GLU627,HBDonor,124
GLU895,GLU627,VdWContact,126
GLU896,ARG615,VdWContact,82
ASN897,THR594,HBDonor,1
ASN897,THR594,VdWContact,1
ASN897,GLY595,VdWContact,2
ASN897,LYS601,HBDonor,9
ASN897,LYS601,VdWContact,15
ASN897,PHE603,HBDonor,1
ASN897,PHE603,VdWContact,6
ASN897,ILE605,VdWContact,3
ASN897,LYS606,HBDonor,94
ASN897,LYS606,VdWContact,128
ASN897,GLY607,HBDonor,68
ASN897,GLY607,VdWContact,82
ASN897,GLY612,HBDonor,9
ASN897,GLY612,VdWContact,33
ASN897,ARG615,HBDonor,16
ASN897,ARG615,VdWContact,23
ASP899,THR591,VdWContact,1
ASP899,VAL593,VdWContact,12
ASP899,THR594,VdWContact,196
ASP899,ASP596,VdWContact,1
ASP899,SER597,VdWContact,14
ASP899,PHE603,VdWContact,35
HIS900,VAL593,VdWContact,5
HIS900,THR594,VdWContact,10
HIS900,ASP596,VdWContact,50
HIS900,SER597,VdWContact,199
HIS900,GLY598,VdWContact,80
HIS900,SER599,VdWContact,562
HIS900,GLY600,VdWContact,175
HIS900,LYS601,HBDonor,25
HIS900,LYS601,VdWContact,163
HIS900,PRO602,VdWContact,2
HIS900,PHE603,VdWContact,1083
HIS900,ILE605,HBDonor,2
HIS900,ILE605,VdWContact,355
HIS900,LYS606,VdWContact,94
HIS900,GLY607,HBDonor,1
HIS900,GLY607,VdWContact,25
LEU901,ASP596,VdWContact,4
LEU901,SER597,VdWContact,5
LEU901,GLY598,VdWContact,25
LEU901,SER599,VdWContact,419
LEU901,GLY600,VdWContact,8
ASP902,GLY598,HBDonor,1
ASP902,GLY598,VdWContact,128
ASP902,SER599,HBDonor,10
ASP902,SER599,VdWContact,31
LYS905,GLY600,HBDonor,2
LYS905,GLY600,Cationic,5
LYS905,GLY600,VdWContact,3
LYS905,GLU627,Cationic,1
LYS905,ARG628,Cationic,4
HIS909,ARG628,HBDonor,7
HIS909,ARG628,VdWContact,45
HIS909,ASN629,HBDonor,1
HIS909,ASN629,VdWContact,24
GLN912,ARG628,HBDonor,14
GLN912,ARG628,VdWContact,16
GLN912,ASN629,HBDonor,307
GLN912,ASN629,VdWContact,330
LYS913,ASN629,HBDonor,7
LYS913,ASN629,Cationic,62
LYS913,ASN629,VdWContact,22
GLN916,ASN629,HBDonor,216
GLN916,ASN629,VdWContact,227
GLN916,LYS630,HBDonor,60
GLN916,LYS630,VdWContact,79
GLN916,GLN632,HBDonor,1
GLN916,GLN632,VdWContact,1
CYS936,HIS590,HBDonor,2
CYS936,HIS590,VdWContact,10
CYS936,SER592,HBDonor,14
CYS936,SER592,VdWContact,65
CYS936,GLY598,VdWContact,12
CYS936,SER599,HBDonor,2
CYS936,SER599,VdWContact,3
LEU937,VAL588,VdWContact,28
THR938,ASP587,VdWContact,37
THR938,VAL588,HBDonor,41
THR938,VAL588,VdWContact,518
THR938,PRO589,HBDonor,6
THR938,PRO589,VdWContact,6
THR938,GLY598,HBDonor,246
THR938,GLY598,VdWContact,301
THR938,SER599,HBDonor,15
THR938,SER599,VdWContact,18
CYS939,VAL588,VdWContact,42
CYS939,PRO589,HBDonor,8
CYS939,PRO589,VdWContact,60
CYS939,GLY595,HBDonor,22
CYS939,GLY595,VdWContact,42
CYS939,SER597,HBDonor,482
CYS939,SER597,VdWContact,616
CYS939,GLY598,HBDonor,14
CYS939,GLY598,VdWContact,27
CYS939,SER599,VdWContact,8
LYS941,GLY586,Cationic,3
LYS941,VAL588,HBDonor,50
LYS941,VAL588,Cationic,121
LYS941,VAL588,VdWContact,106
LYS941,PRO589,Cationic,2
LYS941,PRO589,VdWContact,2
LYS941,THR594,HBDonor,9
LYS941,THR594,Cationic,112
LYS941,THR594,VdWContact,29
LYS941,GLY595,HBDonor,615
LYS941,GLY595,Cationic,1663
LYS941,GLY595,VdWContact,3093
LYS941,ASP596,HBDonor,50
LYS941,ASP596,Cationic,81
LYS941,ASP596,VdWContact,68
LYS941,SER597,HBDonor,775
LYS941,SER597,Cationic,1712
LYS941,SER597,VdWContact,2028
LYS941,GLY598,Cationic,11
LYS941,GLY598,VdWContact,1
LYS941,SER599,HBDonor,18
LYS941,SER599,Cationic,64
LYS941,SER599,VdWContact,42
LYS942,GLY595,HBDonor,2344
LYS942,GLY595,Cationic,502
LYS942,GLY595,VdWContact,3375
LYS942,ASP596,Cationic,73
LYS942,ASP596,VdWContact,29
SER943,SER592,HBDonor,529
SER943,SER592,VdWContact,637
SER943,VAL593,HBDonor,2585
SER943,VAL593,VdWContact,4708
SER943,GLY595,VdWContact,207
ARG944,VAL593,HBDonor,65
ARG944,VAL593,Cationic,2
ARG944,VAL593,VdWContact,58
ARG944,GLY595,HBDonor,123
ARG944,GLY595,Cationic,448
ARG944,GLY595,VdWContact,227
ARG944,ASP596,Cationic,3
THR945,THR591,HBDonor,32
THR945,THR591,VdWContact,147
LYS976,ARG485,Cationic,3
ARG982,GLU488,HBDonor,19
ARG982,GLU488,Cationic,313
ARG982,GLU488,VdWContact,63
ARG982,GLU489,Cationic,19
ARG982,GLU511,HBDonor,10
ARG982,GLU511,Cationic,49
ARG982,GLU511,VdWContact,23
ARG982,ILE514,Cationic,16
ARG982,THR515,Cationic,1
PHE983,VAL588,VdWContact,279
PHE983,PRO589,VdWContact,1237
TYR984,SER584,VdWContact,1
TYR984,GLY586,HBDonor,2872
TYR984,GLY586,VdWContact,3098
TYR984,VAL588,VdWContact,1
CYS985,GLY586,VdWContact,4
CYS985,GLY598,VdWContact,1
SER986,THR585,HBDonor,9
SER986,THR585,VdWContact,40
SER986,GLY586,HBDonor,48
SER986,GLY586,VdWContact,279
HIS987,THR585,VdWContact,3
HIS987,GLY586,HBDonor,16
HIS987,GLY586,VdWContact,23
ARG989,GLU508,Cationic,58
ARG989,GLU508,VdWContact,13
ARG989,ALA509,HBDonor,14
ARG989,ALA509,Cationic,188
ARG989,ALA509,VdWContact,49
ARG989,ASN512,Cationic,180
ARG989,ASN512,VdWContact,31
ARG989,GLU513,Cationic,1
ARG989,LYS522,Cationic,2
ARG989,GLU523,Cationic,13
ARG989,GLU526,Cationic,1
ARG989,GLU569,HBDonor,1
ARG989,GLU569,Cationic,48
ARG989,GLU569,VdWContact,1
ARG989,THR585,Cationic,36
ARG989,THR585,VdWContact,1
ARG989,GLY586,HBDonor,1
ARG989,GLY586,Cationic,30
ARG989,GLY586,VdWContact,1
ALA990,GLU508,VdWContact,6
ALA990,GLU511,VdWContact,1603
ARG991,GLU511,HBDonor,3205
ARG991,GLU511,Cationic,3465
ARG991,GLU511,VdWContact,5147
ARG991,ASN512,HBDonor,1338
ARG991,ASN512,Cationic,8634
ARG991,ASN512,VdWContact,3211
ARG991,GLU513,Cationic,794
ARG991,GLU513,VdWContact,8
ARG991,THR515,HBDonor,3
ARG991,THR515,Cationic,497
ARG991,THR515,VdWContact,9
ARG991,GLU516,Cationic,2
ARG991,SER584,Cationic,2
ARG991,THR585,Cationic,76
ARG991,THR585,VdWContact,1
ARG991,GLY586,HBDonor,10
ARG991,GLY586,Cationic,2642
ARG991,GLY586,VdWContact,120
ARG991,ASP587,Cationic,2
ARG992,GLU488,Cationic,12
ARG992,GLU489,HBDonor,1184
ARG992,GLU489,Cationic,2740
ARG992,GLU489,VdWContact,1631
ARG992,GLN507,HBDonor,9
ARG992,GLN507,Cationic,350
ARG992,GLN507,VdWContact,36
ARG992,GLU508,HBDonor,56
ARG992,GLU508,Cationic,2332
ARG992,GLU508,VdWContact,381
ARG992,GLU510,Cationic,1
ARG992,GLU511,Cationic,9
VAL1006,TYR1106,VdWContact,4584
LEU1007,LEU1104,VdWContact,6
LEU1007,TYR1106,HBDonor,9398
LEU1007,TYR1106,VdWContact,9961
LEU1008,LEU1104,VdWContact,3861
VAL1009,LEU1104,HBDonor,9906
VAL1009,LEU1104,VdWContact,9981
HIS1010,TYR1102,VdWContact,6876
LEU1011,ALA1101,VdWContact,1118
LEU1011,TYR1102,HBDonor,9703
LEU1011,TYR1102,VdWContact,9864
ARG1013,SER1098,HBDonor,3
ARG1013,SER1098,Cationic,1352
ARG1013,SER1098,VdWContact,8
ARG1013,SER1099,HBDonor,949
ARG1013,SER1099,Cationic,8915
ARG1013,SER1099,VdWContact,3053
ARG1013,ALA1100,Cationic,1808
ARG1013,ALA1100,VdWContact,2
ARG1013,ALA1101,HBDonor,4397
ARG1013,ALA1101,Cationic,8425
ARG1013,ALA1101,VdWContact,4488
TYR1016,ARG485,HBDonor,324
TYR1016,ARG485,VdWContact,371
ASP1017,GLU484,VdWContact,7
ASP1017,ARG485,VdWContact,4
GLY1018,GLU484,VdWContact,750
GLY1018,ARG485,HBDonor,317
GLY1018,ARG485,VdWContact,1095
ARG1019,LYS480,HBDonor,23
ARG1019,LYS480,Cationic,84
ARG1019,LYS480,VdWContact,29
ARG1019,GLU481,Cationic,2
ARG1019,GLU481,VdWContact,1
ARG1019,ARG483,HBDonor,7
ARG1019,ARG483,Cationic,279
ARG1019,ARG483,VdWContact,79
ARG1019,GLU484,HBDonor,161
ARG1019,GLU484,Cationic,660
ARG1019,GLU484,VdWContact,503
ARG1019,ARG485,HBDonor,5
ARG1019,ARG485,Cationic,33
ARG1019,ARG485,VdWContact,26
ARG1019,GLN487,HBDonor,23
ARG1019,GLN487,Cationic,156
ARG1019,GLN487,VdWContact,73
ARG1019,GLU488,HBDonor,17
ARG1019,GLU488,Cationic,279
ARG1019,GLU488,VdWContact,39
ARG1019,GLU489,Cationic,75
ARG1019,ARG495,Cationic,1
ARG1019,GLU497,Cationic,17
ARG1019,GLU498,HBDonor,22
ARG1019,GLU498,Cationic,76
ARG1019,GLU498,VdWContact,30
ARG1019,GLN499,Cationic,3
ARG1019,GLN501,Cationic,16
TRP1020,GLU484,HBDonor,33
TRP1020,GLU484,VdWContact,71
TRP1020,ARG485,VdWContact,28
TRP1020,GLU488,VdWContact,1
LYS1023,SER1099,HBDonor,41
LYS1023,SER1099,Cationic,79
LYS1023,SER1099,VdWContact,52
LYS1023,ALA1100,Cationic,1
GLN1025,SER1099,HBDonor,2
GLN1025,SER1099,VdWContact,5
THR1026,SER1099,VdWContact,61
SER1027,SER1098,VdWContact,14
SER1027,SER1099,HBDonor,55
SER1027,SER1099,VdWContact,226
VAL1028,SER1098,HBDonor,8
VAL1028,SER1098,VdWContact,22
VAL1028,SER1099,HBDonor,14
VAL1028,SER1099,VdWContact,90
VAL1028,ALA1101,VdWContact,9
PHE1030,VAL1096,VdWContact,1418
PHE1030,LYS1097,VdWContact,23
PHE1030,SER1098,VdWContact,627
LEU1032,VAL1093,VdWContact,503
LYS1049,SER1108,HBDonor,852
LYS1049,SER1108,Cationic,2062
LYS1049,SER1108,VdWContact,2006
LYS1049,LEU1109,HBDonor,1
LYS1049,LEU1109,Cationic,28
LYS1049,LEU1109,VdWContact,1
LYS1050,SER1108,VdWContact,13
TYR1051,TYR1106,VdWContact,12
TYR1051,THR1107,VdWContact,6809
ASN1052,THR1107,HBDonor,9989
ASN1052,THR1107,VdWContact,10001
LEU1053,PHE1105,VdWContact,6152
PHE1054,PHE1105,HBDonor,9981
PHE1054,PHE1105,VdWContact,9998
PHE1054,TYR1106,VdWContact,4426
SER1055,PHE1105,HBDonor,6122
SER1055,PHE1105,VdWContact,7391
VAL1056,VAL1096,VdWContact,386
VAL1056,ILE1103,VdWContact,7303
SER1057,ILE1103,HBDonor,9980
SER1057,ILE1103,VdWContact,9997
ASN1058,ALA1100,HBDonor,16
ASN1058,ALA1100,VdWContact,7496
HIS1059,ALA1100,HBDonor,9676
HIS1059,ALA1100,VdWContact,9780
TYR1071,SER1095,HBDonor,21
TYR1071,SER1095,VdWContact,646
TYR1071,VAL1096,VdWContact,2263
LYS1073,ASP1115,HBDonor,7
LYS1073,ASP1115,Cationic,173
LYS1073,ASP1115,VdWContact,11
LYS1073,VAL1116,Cationic,12
LYS1073,VAL1116,VdWContact,1
LYS1073,THR1118,HBDonor,17
LYS1073,THR1118,Cationic,33
LYS1073,THR1118,VdWContact,19
ASN1074,PRO774,HBDonor,9284
ASN1074,PRO774,VdWContact,9450
ASN1074,ALA775,HBDonor,287
ASN1074,ALA775,VdWContact,896
ALA1075,THR1114,VdWContact,14
ALA1075,ASP1115,VdWContact,181
ALA1076,PRO774,VdWContact,48
ALA1076,ASP1115,VdWContact,67
ALA1076,ALA1117,VdWContact,54
ALA1076,THR1118,VdWContact,1
ARG1077,GLY771,Cationic,1
ARG1077,SER772,HBDonor,4790
ARG1077,SER772,Cationic,8257
ARG1077,SER772,VdWContact,6346
ARG1077,PRO774,Cationic,2
ARG1077,ALA1117,HBDonor,1
ARG1077,ALA1117,Cationic,15
ARG1077,THR1118,HBDonor,27
ARG1077,THR1118,Cationic,56
ARG1077,THR1118,VdWContact,29
GLN1078,VAL1113,VdWContact,2
GLN1078,THR1114,HBDonor,1191
GLN1078,THR1114,VdWContact,1413
GLN1078,ASP1115,HBDonor,572
GLN1078,ASP1115,VdWContact,1495
GLN1078,VAL1116,HBDonor,52
GLN1078,VAL1116,VdWContact,186
GLN1078,ALA1117,HBDonor,1791
GLN1078,ALA1117,VdWContact,2110
GLN1078,THR1118,HBDonor,69
GLN1078,THR1118,VdWContact,70
ARG1079,ASP1090,Cationic,24
ARG1079,ILE1091,HBDonor,220
ARG1079,ILE1091,Cationic,533
ARG1079,ILE1091,VdWContact,268
ARG1079,THR1118,Cationic,1
TRP1080,ILE1091,HBDonor,1
TRP1080,ILE1091,VdWContact,2285
PHE1081,SER1089,VdWContact,5644
LYS1082,SER1089,HBDonor,9988
LYS1082,SER1089,Cationic,131
LYS1082,SER1089,VdWContact,10001
LYS1082,ASP1090,HBDonor,347
LYS1082,ASP1090,Cationic,838
LYS1082,ASP1090,VdWContact,798
PHE1083,ALA775,VdWContact,2556
PHE1083,THR777,VdWContact,160
VAL1088,LEU776,VdWContact,1168
